filename,width,height,xtl,ytl,xbr,ybr,label,Xcent,Ycent,boxW,boxH
images/0.png,1200.0,800.0,368.18,292.79,460.65,454.46,0,0.3453458333333333,0.46703125,0.07705833333333331,0.20208749999999995
images/0.png,1200.0,800.0,423.7,268.56,537.5,471.16,0,0.4005,0.46232500000000004,0.09483333333333334,0.25325000000000003
images/0.png,1200.0,800.0,538.93,338.4,666.51,509.38,0,0.5022666666666666,0.5298625,0.1063166666666667,0.21372500000000003
images/0.png,1200.0,800.0,642.29,416.47,789.86,616.35,0,0.5967291666666668,0.6455125000000002,0.12297500000000004,0.24985
images/0.png,1200.0,800.0,734.64,416.4,837.78,597.06,0,0.6551750000000001,0.6334124999999999,0.08594999999999998,0.22582499999999997
images/0.png,1200.0,800.0,49.43,431.56,151.09,579.76,0,0.08355,0.6320749999999999,0.08471666666666666,0.18525
images/0.png,1200.0,800.0,878.1,461.31,1021.49,631.76,0,0.7914958333333334,0.68316875,0.11949166666666665,0.2130625
images/0.png,1200.0,800.0,220.59,419.56,327.76,558.57,0,0.22847916666666668,0.6113312500000001,0.08930833333333332,0.17376250000000007
images/1.png,1600.0,900.0,413.29,450.98,439.44,494.24,0,0.266478125,0.5251222222222223,0.016343749999999987,0.04806666666666665
images/1.png,1600.0,900.0,680.39,566.41,742.46,657.09,0,0.44464062499999996,0.6797222222222222,0.03879375000000003,0.10075555555555563
images/1.png,1600.0,900.0,733.75,498.06,786.91,558.86,0,0.47520624999999994,0.5871777777777778,0.03322499999999998,0.06755555555555556
images/1.png,1600.0,900.0,906.52,345.56,991.24,460.52,0,0.59305,0.4478222222222222,0.05295000000000002,0.1277333333333333
images/1.png,1600.0,900.0,446.62,454.05,483.54,511.27,0,0.290675,0.5362888888888888,0.02307500000000001,0.06357777777777775
images/1.png,1600.0,900.0,460.28,346.31,510.58,419.44,0,0.30339374999999996,0.42541666666666667,0.03143750000000001,0.08125555555555555
images/1.png,1600.0,900.0,463.24,421.75,508.0,484.74,0,0.3035125,0.5036055555555555,0.027974999999999993,0.06998888888888889
images/1.png,1600.0,900.0,874.95,376.13,935.09,456.53,0,0.5656375,0.4625888888888889,0.03758749999999999,0.0893333333333333
images/1.png,1600.0,900.0,668.81,319.76,728.22,413.45,0,0.436571875,0.4073388888888889,0.03713125000000005,0.1041
images/1.png,1600.0,900.0,1192.98,379.39,1274.37,504.97,0,0.771046875,0.49131111111111114,0.05086874999999992,0.13953333333333337
images/1.png,1600.0,900.0,1225.62,595.93,1294.59,705.17,0,0.787565625,0.7228333333333333,0.04310625000000002,0.12137777777777779
images/1.png,1600.0,900.0,1285.5,609.73,1362.05,740.1,0,0.827359375,0.7499055555555555,0.04784374999999997,0.14485555555555557
images/1.png,1600.0,900.0,1238.78,648.56,1339.65,804.85,0,0.805759375,0.8074499999999999,0.06304375000000008,0.17365555555555565
images/1.png,1600.0,900.0,1500.2,663.27,1600.0,857.83,0,0.9688125,0.8450555555555556,0.06237499999999997,0.21617777777777783
images/1.png,1600.0,900.0,775.68,517.96,835.44,597.79,0,0.503475,0.6198611111111111,0.037350000000000064,0.08869999999999992
images/1.png,1600.0,900.0,622.81,495.26,663.19,575.24,0,0.401875,0.5947222222222223,0.02523750000000007,0.08886666666666669
images/1.png,1600.0,900.0,641.17,495.35,692.62,571.72,0,0.416809375,0.5928166666666668,0.032156250000000025,0.08485555555555556
images/1.png,1600.0,900.0,325.95,626.19,359.59,674.26,0,0.21423124999999998,0.7224722222222223,0.02102499999999999,0.05341111111111104
images/1.png,1600.0,900.0,787.88,589.0,857.5,719.63,0,0.51418125,0.7270166666666668,0.0435125,0.14514444444444444
images/1.png,1600.0,900.0,722.09,676.77,771.26,754.52,0,0.46667187499999996,0.7951611111111111,0.030731249999999974,0.08638888888888889
images/1.png,1600.0,900.0,572.92,647.7,622.99,732.6,0,0.373721875,0.7668333333333335,0.03129375000000003,0.09433333333333331
images/1.png,1600.0,900.0,814.69,454.0,870.91,531.39,0,0.5267499999999999,0.5474388888888889,0.03513749999999995,0.08598888888888888
images/1.png,1600.0,900.0,379.2,615.43,412.27,678.87,0,0.247334375,0.7190555555555556,0.020668749999999996,0.07048888888888895
images/1.png,1600.0,900.0,349.59,580.05,385.55,634.27,0,0.22973125,0.6746222222222222,0.022475000000000023,0.060244444444444475
images/10.png,920.0,425.0,271.21,313.09,307.17,375.91,0,0.31433695652173915,0.8105882352941176,0.03908695652173917,0.14781176470588248
images/10.png,920.0,425.0,307.61,310.5,352.0,371.73,0,0.3584836956521739,0.8026235294117647,0.04824999999999999,0.14407058823529417
images/10.png,920.0,425.0,374.01,302.17,422.46,378.63,0,0.4328641304347826,0.8009411764705882,0.052663043478260854,0.17990588235294114
images/10.png,920.0,425.0,403.8,228.22,480.6,337.72,0,0.48065217391304355,0.6658117647058824,0.08347826086956522,0.25764705882352945
images/10.png,920.0,425.0,421.2,312.24,475.96,387.76,0,0.4875869565217391,0.8235294117647058,0.05952173913043477,0.17769411764705878
images/10.png,920.0,425.0,580.1,134.69,642.18,223.05,0,0.6642826086956521,0.4208705882352941,0.06747826086956514,0.20790588235294122
images/10.png,920.0,425.0,638.28,179.6,712.59,296.05,0,0.7341684782608695,0.5595882352941176,0.08077173913043485,0.274
images/10.png,920.0,425.0,638.73,276.11,738.87,386.22,0,0.748695652173913,0.7792117647058824,0.1088478260869565,0.2590823529411765
images/10.png,920.0,425.0,67.29,341.53,97.66,390.47,0,0.08964673913043478,0.8611764705882353,0.03301086956521738,0.11515294117647072
images/10.png,920.0,425.0,90.28,292.1,119.56,335.8,0,0.11404347826086957,0.7387058823529413,0.03182608695652174,0.10282352941176467
images/11.png,640.0,480.0,563.99,313.31,637.78,420.48,0,0.9388828124999999,0.7643645833333333,0.11529687499999994,0.22327083333333336
images/11.png,640.0,480.0,75.24,324.82,136.18,420.66,0,0.16517187500000002,0.7765416666666667,0.09521875000000002,0.19966666666666674
images/11.png,640.0,480.0,111.07,281.65,186.39,400.14,0,0.232390625,0.7101979166666667,0.11768749999999999,0.24685416666666668
images/11.png,640.0,480.0,77.19,106.28,146.34,210.13,0,0.1746328125,0.32959374999999996,0.10804687500000001,0.21635416666666665
images/11.png,640.0,480.0,219.98,165.17,288.26,261.32,0,0.3970625,0.44426041666666666,0.1066875,0.2003125
images/11.png,640.0,480.0,268.57,272.83,334.1,371.73,0,0.4708359375000001,0.6714166666666667,0.10239062500000004,0.20604166666666673
images/11.png,640.0,480.0,311.44,301.31,383.7,406.64,0,0.543078125,0.7374479166666668,0.11290624999999999,0.21943749999999998
images/11.png,640.0,480.0,398.44,119.29,489.28,255.29,0,0.69353125,0.39018749999999996,0.14193749999999997,0.2833333333333333
images/11.png,640.0,480.0,419.89,219.18,517.77,351.01,0,0.7325468749999999,0.5939479166666667,0.1529375,0.2746458333333333
images/11.png,640.0,480.0,4.42,320.72,76.99,444.11,0,0.0636015625,0.7966979166666667,0.113390625,0.25706249999999997
images/11.png,640.0,480.0,510.25,353.17,589.9,462.49,0,0.8594921875000001,0.8496458333333334,0.12445312499999997,0.22774999999999998
images/12.png,1920.0,1080.0,577.77,723.82,718.3,942.9,0,0.33751822916666663,0.7716296296296297,0.07319270833333331,0.20285185185185178
images/12.png,1920.0,1080.0,700.33,683.31,836.81,884.48,0,0.40029687499999994,0.7258287037037037,0.07108333333333329,0.18626851851851858
images/12.png,1920.0,1080.0,627.37,590.99,767.91,790.1,0,0.36335416666666664,0.6393935185185186,0.07319791666666665,0.18436111111111111
images/12.png,1920.0,1080.0,740.35,367.78,919.48,562.75,0,0.4322473958333333,0.4308009259259259,0.093296875,0.18052777777777781
images/12.png,1920.0,1080.0,1411.49,610.42,1510.52,715.67,0,0.7609401041666667,0.6139305555555555,0.05157812499999999,0.09745370370370371
images/12.png,1920.0,1080.0,1378.48,637.21,1463.64,739.59,0,0.7401354166666666,0.6374074074074075,0.04435416666666671,0.0947962962962963
images/12.png,1920.0,1080.0,732.48,906.6,849.7,1056.14,0,0.4120260416666667,0.908675925925926,0.06105208333333335,0.13846296296296304
images/12.png,1920.0,1080.0,1142.38,193.5,1247.23,331.44,0,0.6222942708333333,0.24302777777777781,0.05460937499999995,0.1277222222222222
images/12.png,1920.0,1080.0,1478.95,562.55,1577.12,680.25,0,0.7958515624999999,0.5753703703703703,0.05113020833333325,0.10898148148148153
images/13.png,807.0,607.0,63.97,309.85,145.67,401.23,0,0.1298884758364312,0.5857331136738056,0.10123915737298636,0.15054365733113673
images/13.png,807.0,607.0,268.54,333.08,338.56,420.2,0,0.3761462205700124,0.620494233937397,0.08676579925650556,0.14352553542009885
images/13.png,807.0,607.0,288.94,366.31,343.79,432.14,0,0.39202602230483274,0.6577018121911038,0.06796778190830238,0.10845140032948926
images/13.png,807.0,607.0,407.29,232.73,481.51,325.98,0,0.5506815365551425,0.46022240527182867,0.09197026022304829,0.1536243822075783
images/13.png,807.0,607.0,509.68,270.38,589.7,361.7,0,0.6811524163568774,0.520658978583196,0.09915737298636931,0.15044481054365733
images/13.png,807.0,607.0,515.61,391.45,609.19,505.68,0,0.6969021065675342,0.7389868204283361,0.11596034696406449,0.1881878088962109
images/13.png,807.0,607.0,602.41,486.64,675.98,578.6,0,0.7920631970260222,0.8774629324546952,0.09116480793060724,0.15149917627677106
images/13.png,807.0,607.0,703.73,461.79,789.9,571.5,0,0.9254213135068154,0.8511449752883031,0.10677819083023539,0.18074135090609553
images/13.png,807.0,607.0,3.63,284.62,71.12,355.88,0,0.04631350681536555,0.5275947281713345,0.08363073110285008,0.1173970345963756
images/14.png,2592.0,1936.0,1728.84,1126.72,1852.72,1302.4,0,0.6908873456790123,0.6273553719008265,0.04779320987654325,0.0907438016528926
images/14.png,2592.0,1936.0,1868.74,1204.38,2003.93,1408.07,0,0.7470428240740741,0.6747029958677685,0.05215663580246915,0.10521177685950404
images/14.png,2592.0,1936.0,2041.76,1181.62,2119.52,1272.61,0,0.802716049382716,0.6338403925619833,0.029999999999999995,0.046998966942148765
images/14.png,2592.0,1936.0,1973.3,1127.85,2080.83,1269.16,0,0.7820466820987655,0.6190625000000001,0.04148533950617283,0.07299070247933893
images/14.png,2592.0,1936.0,2002.47,1145.76,2098.42,1255.36,0,0.7910667438271606,0.6201239669421488,0.037017746913580264,0.05661157024793384
images/14.png,2592.0,1936.0,132.07,440.32,496.64,1156.11,0,0.12127893518518519,0.4123011363636363,0.14065200617283952,0.3697262396694215
images/14.png,2592.0,1936.0,456.92,691.81,796.29,1103.8,0,0.24174575617283953,0.4637422520661157,0.13092978395061727,0.2128047520661157
images/14.png,2592.0,1936.0,591.78,571.77,867.43,971.91,0,0.2814834104938272,0.3986776859504132,0.10634645061728394,0.20668388429752066
images/14.png,2592.0,1936.0,1213.53,1102.04,1452.8,1424.5,0,0.514338348765432,0.6525154958677686,0.09231095679012345,0.16655991735537193
images/14.png,2592.0,1936.0,1387.62,1225.53,1595.17,1523.13,0,0.5753838734567901,0.7098811983471074,0.08007330246913587,0.1537190082644629
images/14.png,2592.0,1936.0,1522.7,1161.47,1719.95,1443.63,0,0.6255111882716049,0.6728047520661158,0.07609953703703703,0.1457438016528926
images/14.png,2592.0,1936.0,1497.83,931.63,1717.38,1166.62,0,0.6202179783950618,0.5419034090909091,0.0847029320987655,0.12137913223140491
images/15.png,1294.0,970.0,1154.5,597.08,1228.2,685.71,0,0.9206723338485316,0.6612319587628865,0.05695517774343126,0.09137113402061856
images/15.png,1294.0,970.0,163.78,583.92,356.83,790.59,0,0.20116306027820713,0.7085103092783505,0.14918856259659968,0.21306185567010316
images/15.png,1294.0,970.0,382.82,592.21,524.52,746.9,0,0.35059505409582686,0.6902628865979382,0.10950540958268933,0.15947422680412365
images/15.png,1294.0,970.0,531.88,636.14,666.22,812.49,0,0.4629443585780525,0.7467164948453608,0.10381761978361671,0.18180412371134022
images/15.png,1294.0,970.0,608.67,537.76,743.56,712.25,0,0.5225,0.6443350515463917,0.10424265842349303,0.17988659793814435
images/15.png,1294.0,970.0,954.54,529.57,1043.06,652.04,0,0.7718701700154559,0.6090773195876289,0.06840803709428128,0.1262577319587628
images/15.png,1294.0,970.0,1169.92,537.91,1233.8,605.94,0,0.9287944358578053,0.5896134020618556,0.04936630602782062,0.0701340206185568
images/16.png,2368.0,1624.0,331.85,1119.35,676.45,1526.6,0,0.21290118243243245,0.8146397783251231,0.14552364864864867,0.25076970443349755
images/16.png,2368.0,1624.0,0.0,376.15,307.53,737.16,0,0.06493454391891891,0.3427678571428571,0.12986908783783782,0.22229679802955665
images/16.png,2368.0,1624.0,261.44,522.2,601.56,898.12,0,0.18222128378378377,0.4372906403940887,0.14363175675675674,0.23147783251231524
images/16.png,2368.0,1624.0,771.92,843.37,1168.73,1292.4,0,0.409765625,0.6575646551724138,0.16757179054054056,0.2764963054187193
images/16.png,2368.0,1624.0,921.1,477.89,1356.69,962.72,0,0.4809522804054054,0.4435375615763547,0.18394847972972975,0.2985406403940887
images/16.png,2368.0,1624.0,1037.42,96.78,1344.06,415.85,0,0.5028462837837838,0.15782943349753695,0.12949324324324318,0.19647167487684733
images/16.png,2368.0,1624.0,1814.38,945.22,2198.72,1325.41,0,0.8473606418918919,0.699085591133005,0.16230574324324312,0.2341071428571429
images/16.png,2368.0,1624.0,1545.2,1100.03,1931.82,1619.67,0,0.7341680743243243,0.8373460591133004,0.16326858108108103,0.31997536945812816
images/16.png,2368.0,1624.0,438.81,628.26,847.55,1066.8,0,0.27161317567567567,0.521878078817734,0.17260979729729728,0.27003694581280785
images/17.png,1000.0,810.0,68.55,507.75,205.5,654.49,0,0.137025,0.7174320987654321,0.13695,0.1811604938271605
images/17.png,1000.0,810.0,249.4,560.97,367.2,710.81,0,0.3083,0.7850493827160494,0.11779999999999999,0.18498765432098754
images/17.png,1000.0,810.0,481.38,409.4,555.1,498.25,0,0.51824,0.5602777777777778,0.07372000000000002,0.10969135802469139
images/17.png,1000.0,810.0,658.73,482.53,780.67,632.89,0,0.7197,0.688530864197531,0.12193999999999994,0.18562962962962964
images/17.png,1000.0,810.0,809.03,495.19,904.11,630.57,0,0.8565699999999999,0.6949135802469135,0.09508000000000004,0.16713580246913587
images/17.png,1000.0,810.0,838.49,583.03,943.89,722.02,0,0.89119,0.8055864197530864,0.10539999999999998,0.1715925925925926
images/17.png,1000.0,810.0,46.96,428.28,170.4,559.5,0,0.10868000000000001,0.6097407407407407,0.12344,0.16200000000000003
images/18.png,2048.0,1536.0,1390.21,547.16,1580.73,816.61,0,0.7253271484375,0.443935546875,0.09302734374999999,0.17542317708333335
images/18.png,2048.0,1536.0,0.0,389.14,161.82,704.64,0,0.0395068359375,0.3560481770833333,0.079013671875,0.20540364583333334
images/18.png,2048.0,1536.0,412.07,724.53,656.0,1049.83,0,0.26075927734375,0.5775911458333333,0.1191064453125,0.21178385416666665
images/18.png,2048.0,1536.0,609.01,751.97,844.17,1064.53,0,0.35478027343749996,0.59130859375,0.11482421874999998,0.2034895833333333
images/18.png,2048.0,1536.0,696.18,768.98,941.13,1101.71,0,0.39973388671875,0.6089485677083334,0.11960449218750002,0.21662109375000002
images/18.png,2048.0,1536.0,1468.12,690.46,1661.36,929.97,0,0.7640332031249999,0.5274837239583333,0.09435546875,0.15593098958333332
images/18.png,2048.0,1536.0,1617.82,526.48,1799.49,742.17,0,0.83430419921875,0.4129720052083334,0.08870605468750004,0.1404231770833333
images/18.png,2048.0,1536.0,1650.48,346.16,1805.61,525.12,0,0.84377197265625,0.2836197916666667,0.07574707031249994,0.11651041666666666
images/18.png,2048.0,1536.0,1582.23,0.0,1765.13,163.13,0,0.8172265625,0.053102213541666665,0.08930664062500004,0.10620442708333333
images/19.png,960.0,720.0,90.83,317.92,191.0,420.3,0,0.14678645833333331,0.5126527777777778,0.10434375,0.14219444444444443
images/19.png,960.0,720.0,151.21,390.74,239.59,497.91,0,0.20354166666666668,0.6171180555555557,0.09206249999999999,0.14884722222222224
images/19.png,960.0,720.0,200.64,470.48,287.75,588.49,0,0.2543697916666667,0.7353958333333334,0.09073958333333335,0.16390277777777776
images/19.png,960.0,720.0,287.72,476.54,369.72,583.38,0,0.3424166666666667,0.7360555555555556,0.08541666666666667,0.14838888888888885
images/19.png,960.0,720.0,342.61,509.39,407.36,594.55,0,0.39060937500000004,0.766625,0.06744791666666666,0.11827777777777773
images/19.png,960.0,720.0,116.15,264.66,168.59,331.64,0,0.14830208333333333,0.41409722222222217,0.054625,0.09302777777777772
images/19.png,960.0,720.0,431.91,424.55,498.89,510.03,0,0.4847916666666666,0.6490138888888889,0.0697708333333333,0.11872222222222217
images/19.png,960.0,720.0,508.14,377.98,566.51,447.83,0,0.5597135416666668,0.5734791666666667,0.06080208333333334,0.09701388888888884
images/19.png,960.0,720.0,544.82,364.27,609.89,428.37,0,0.6014114583333333,0.5504444444444444,0.06778124999999993,0.0890277777777778
images/19.png,960.0,720.0,557.26,483.87,611.16,567.12,0,0.6085520833333333,0.7298541666666667,0.05614583333333331,0.115625
images/19.png,960.0,720.0,812.16,495.36,849.9,540.55,0,0.86565625,0.7193819444444444,0.03931250000000001,0.06276388888888881
images/19.png,960.0,720.0,186.89,295.06,254.66,362.31,0,0.2299739583333333,0.45650694444444445,0.07059375000000001,0.09340277777777778
images/2.png,1200.0,900.0,875.25,444.03,979.31,578.78,0,0.7727333333333333,0.5682277777777778,0.08671666666666662,0.14972222222222223
images/2.png,1200.0,900.0,517.67,562.22,617.05,736.75,0,0.47279999999999994,0.72165,0.08281666666666666,0.1939222222222222
images/2.png,1200.0,900.0,0.0,490.28,124.57,714.19,0,0.05190416666666666,0.66915,0.10380833333333332,0.24878888888888898
images/2.png,1200.0,900.0,156.67,438.27,274.36,612.8,0,0.17959583333333332,0.5839277777777777,0.09807500000000002,0.1939222222222222
images/2.png,1200.0,900.0,133.7,640.36,266.9,775.27,0,0.16691666666666666,0.7864611111111112,0.11099999999999999,0.14989999999999998
images/2.png,1200.0,900.0,330.28,544.85,447.12,714.3,0,0.32391666666666663,0.6995277777777779,0.0973666666666667,0.1882777777777777
images/2.png,1200.0,900.0,431.55,592.65,529.78,725.84,0,0.40055416666666666,0.7324944444444444,0.0818583333333333,0.14798888888888895
images/2.png,1200.0,900.0,1034.72,330.0,1111.27,423.69,0,0.8941624999999999,0.4187166666666667,0.06379166666666664,0.1041
images/2.png,1200.0,900.0,543.56,496.2,633.12,634.56,0,0.49028333333333324,0.6282,0.07463333333333338,0.15373333333333328
images/2.png,1200.0,900.0,580.88,487.58,681.92,633.41,0,0.5261666666666667,0.6227722222222223,0.08419999999999997,0.1620333333333333
images/2.png,1200.0,900.0,638.47,466.23,718.2,570.69,0,0.5652791666666667,0.5760666666666667,0.06644166666666668,0.1160666666666667
images/2.png,1200.0,900.0,740.09,468.35,844.15,573.2,0,0.6601,0.578638888888889,0.08671666666666662,0.11650000000000002
images/2.png,1200.0,900.0,829.4,478.31,920.3,618.65,0,0.7290416666666666,0.6094222222222222,0.07574999999999998,0.1559333333333333
images/2.png,1200.0,900.0,890.0,345.55,962.96,438.05,0,0.7720666666666667,0.43533333333333335,0.06080000000000003,0.10277777777777777
images/2.png,1200.0,900.0,1097.32,329.2,1167.49,426.48,0,0.9436708333333333,0.41982222222222226,0.05847500000000006,0.10808888888888891
images/2.png,1200.0,900.0,952.99,466.35,1024.36,562.04,0,0.8238958333333333,0.5713277777777777,0.05947499999999991,0.10632222222222215
images/20.png,1680.0,945.0,873.33,697.67,1028.25,908.05,0,0.5659464285714285,0.8495873015873014,0.0922142857142857,0.2226243386243386
images/20.png,1680.0,945.0,1082.63,500.31,1279.39,695.62,0,0.702982142857143,0.6327671957671958,0.11711904761904761,0.20667724867724868
images/20.png,1680.0,945.0,158.1,439.4,364.3,704.14,0,0.15547619047619046,0.6050476190476191,0.12273809523809524,0.28014814814814815
images/20.png,1680.0,945.0,740.81,627.78,909.6,863.88,0,0.49119345238095236,0.7892380952380952,0.10047023809523814,0.24984126984126986
images/20.png,1680.0,945.0,743.72,724.8,895.63,902.02,0,0.48790178571428566,0.8607513227513227,0.09042261904761903,0.18753439153439155
images/21.png,1600.0,1200.0,190.11,143.82,500.96,510.88,0,0.21595937499999998,0.2727916666666667,0.19428125,0.30588333333333334
images/21.png,1600.0,1200.0,567.41,586.54,833.79,926.42,0,0.43787499999999996,0.6304,0.1664875,0.28323333333333334
images/21.png,1600.0,1200.0,707.87,817.26,911.57,1097.42,0,0.506075,0.7977833333333334,0.12731250000000002,0.23346666666666674
images/21.png,1600.0,1200.0,793.07,623.32,984.87,883.46,0,0.55560625,0.6278250000000001,0.11987499999999997,0.21678333333333333
images/21.png,1600.0,1200.0,847.3,735.42,1034.69,975.72,0,0.588121875,0.7129749999999999,0.11711875000000006,0.20025000000000007
images/21.png,1600.0,1200.0,889.08,500.63,1105.24,759.67,0,0.623225,0.525125,0.13509999999999997,0.21586666666666662
images/21.png,1600.0,1200.0,808.72,254.82,1071.07,629.6,0,0.587434375,0.3685083333333334,0.16396874999999994,0.3123166666666667
images/21.png,1600.0,1200.0,892.28,0.0,1261.54,504.27,0,0.6730687499999999,0.21011249999999998,0.2307875,0.42022499999999996
images/21.png,1600.0,1200.0,401.3,509.23,632.47,816.19,0,0.323053125,0.5522583333333334,0.14448125,0.2558
images/22.png,1200.0,675.0,413.97,428.33,521.96,565.26,0,0.3899708333333334,0.7359925925925925,0.08999166666666668,0.20285925925925927
images/22.png,1200.0,675.0,690.93,379.62,817.53,501.05,0,0.628525,0.6523481481481482,0.10550000000000002,0.1798962962962963
images/22.png,1200.0,675.0,844.01,379.92,1017.1,583.59,0,0.7754625,0.7137111111111111,0.14424166666666668,0.30173333333333335
images/22.png,1200.0,675.0,426.21,319.26,534.72,440.68,0,0.4003875,0.5629185185185186,0.09042500000000003,0.1798814814814815
images/23.png,1000.0,667.0,540.46,247.68,595.12,313.86,0,0.56779,0.4209445277361319,0.054659999999999966,0.09922038980509747
images/23.png,1000.0,667.0,143.0,35.65,198.89,105.33,0,0.17094499999999999,0.10568215892053973,0.05588999999999999,0.10446776611694154
images/23.png,1000.0,667.0,158.27,21.36,208.5,68.64,0,0.183385,0.06746626686656672,0.05022999999999999,0.07088455772113943
images/23.png,1000.0,667.0,308.98,19.07,366.84,81.62,0,0.33791,0.07547976011994002,0.05785999999999996,0.09377811094452775
images/23.png,1000.0,667.0,190.28,227.95,249.12,303.05,0,0.21969999999999998,0.3980509745127436,0.05884,0.11259370314842582
images/23.png,1000.0,667.0,88.61,233.55,138.06,299.83,0,0.113335,0.3998350824587706,0.04945,0.09937031484257867
images/23.png,1000.0,667.0,169.64,318.26,234.65,410.75,0,0.202145,0.5464842578710645,0.06501000000000003,0.13866566716641682
images/23.png,1000.0,667.0,321.22,337.17,410.22,457.73,0,0.36572000000000005,0.5958770614692654,0.089,0.1807496251874063
images/23.png,1000.0,667.0,289.84,408.02,374.23,503.75,0,0.33203499999999997,0.6834857571214392,0.08439000000000005,0.14352323838080963
images/23.png,1000.0,667.0,396.21,394.9,485.56,497.37,0,0.44088499999999997,0.6688680659670164,0.08935000000000003,0.15362818590704652
images/23.png,1000.0,667.0,417.8,422.2,500.81,509.78,0,0.459305,0.6986356821589206,0.08300999999999999,0.13130434782608694
images/23.png,1000.0,667.0,478.82,367.24,569.59,482.48,0,0.524205,0.6369715142428786,0.09077000000000005,0.1727736131934033
images/23.png,1000.0,667.0,479.18,434.96,553.64,527.15,0,0.5164099999999999,0.7212218890554722,0.07445999999999998,0.138215892053973
images/23.png,1000.0,667.0,426.7,471.2,505.0,551.57,0,0.46585000000000004,0.7666941529235383,0.07830000000000001,0.12049475262368825
images/23.png,1000.0,667.0,515.05,466.18,583.6,564.87,0,0.5493250000000001,0.7729010494752623,0.06855000000000007,0.14796101949025486
images/23.png,1000.0,667.0,358.69,267.1,425.67,346.38,0,0.39218000000000003,0.459880059970015,0.06698000000000001,0.11886056971514239
images/23.png,1000.0,667.0,414.1,264.19,460.39,322.06,0,0.437245,0.43946776611694155,0.04628999999999996,0.0867616191904048
images/23.png,1000.0,667.0,410.4,283.4,475.41,354.07,0,0.442905,0.4778635682158921,0.06501000000000005,0.10595202398800602
images/23.png,1000.0,667.0,414.88,187.67,472.5,263.6,0,0.44369,0.33828335832083956,0.057620000000000005,0.11383808095952029
images/23.png,1000.0,667.0,523.62,223.15,577.39,298.5,0,0.550505,0.39104197901049476,0.053769999999999984,0.11296851574212893
images/23.png,1000.0,667.0,547.55,263.93,604.0,334.25,0,0.5757749999999999,0.4484107946026987,0.05645000000000005,0.10542728635682158
images/23.png,1000.0,667.0,613.44,352.27,686.1,458.94,0,0.64977,0.608103448275862,0.07265999999999997,0.15992503748125939
images/23.png,1000.0,667.0,610.78,275.45,673.42,345.48,0,0.6420999999999999,0.46546476761619193,0.06263999999999999,0.10499250374812598
images/23.png,1000.0,667.0,607.53,215.17,672.54,300.86,0,0.640035,0.38682908545727135,0.06500999999999998,0.1284707646176912
images/23.png,1000.0,667.0,668.69,268.36,723.95,329.52,0,0.69632,0.44818590704647676,0.05525999999999999,0.09169415292353818
images/23.png,1000.0,667.0,641.81,124.17,710.65,185.63,0,0.67623,0.23223388305847079,0.06884000000000003,0.092143928035982
images/23.png,1000.0,667.0,720.7,188.58,782.75,267.18,0,0.751725,0.34164917541229384,0.06204999999999995,0.11784107946026985
images/23.png,1000.0,667.0,756.15,262.75,824.7,344.59,0,0.7904249999999999,0.45527736131934027,0.06855000000000007,0.12269865067466264
images/23.png,1000.0,667.0,778.61,193.01,834.16,271.31,0,0.806385,0.34806596701649173,0.055549999999999954,0.1173913043478261
images/23.png,1000.0,667.0,816.73,180.9,869.02,239.99,0,0.842875,0.3155097451274363,0.05228999999999996,0.08859070464767617
images/23.png,1000.0,667.0,835.05,127.42,885.57,187.99,0,0.8603099999999999,0.23643928035982012,0.05052000000000009,0.09080959520239881
images/23.png,1000.0,667.0,883.21,63.6,943.48,134.51,0,0.9133450000000001,0.14850824587706146,0.06026999999999998,0.10631184407796102
images/24.png,1024.0,683.0,205.41,497.14,298.99,649.28,0,0.2462890625,0.8392532942898976,0.09138671875000001,0.22275256222547582
images/24.png,1024.0,683.0,781.56,430.22,892.4,626.8,0,0.81736328125,0.7738067349926794,0.10824218750000003,0.28781844802342593
images/24.png,1024.0,683.0,345.42,201.12,478.43,446.43,0,0.4022705078125,0.47404831625183014,0.129892578125,0.3591654465592972
images/24.png,1024.0,683.0,149.55,239.14,322.71,479.43,0,0.230595703125,0.5260395314787701,0.16910156249999997,0.35181551976573944
images/24.png,1024.0,683.0,0.0,75.01,118.93,266.37,0,0.0580712890625,0.2499121522693997,0.116142578125,0.2801756954612006
images/25.png,1080.0,1080.0,498.68,627.65,704.53,936.01,0,0.5570416666666667,0.7239166666666667,0.19060185185185183,0.2855185185185185
images/25.png,1080.0,1080.0,142.36,375.5,364.75,696.26,0,0.23477314814814815,0.4961851851851852,0.20591666666666666,0.297
images/26.png,997.0,630.0,334.24,419.32,381.91,490.06,0,0.3591524573721164,0.7217301587301588,0.04781344032096291,0.1122857142857143
images/26.png,997.0,630.0,437.71,332.45,521.1,452.68,0,0.48084754262788365,0.6231190476190476,0.08364092276830495,0.19084126984126987
images/26.png,997.0,630.0,457.8,425.22,514.1,507.6,0,0.48741223671013045,0.7403333333333334,0.056469408224674035,0.13076190476190475
images/26.png,997.0,630.0,630.51,231.31,696.15,328.43,0,0.6653259779338013,0.44423809523809527,0.06583751253761283,0.15415873015873016
images/26.png,997.0,630.0,699.87,279.33,772.87,406.26,0,0.7385857572718154,0.5441190476190475,0.0732196589769308,0.20147619047619048
images/26.png,997.0,630.0,690.49,383.49,800.33,505.39,0,0.74765295887663,0.7054603174603175,0.11017051153460385,0.19349206349206347
images/26.png,997.0,630.0,70.9,456.5,103.61,509.24,0,0.08751755265797392,0.7664603174603175,0.032808425275827474,0.08371428571428573
images/26.png,997.0,630.0,294.89,426.68,333.27,490.25,0,0.315025075225677,0.7277222222222223,0.03849548645937813,0.1009047619047619
images/27.png,900.0,1200.0,423.91,645.28,619.7,812.16,0,0.5797833333333334,0.6072666666666667,0.21754444444444446,0.13906666666666667
images/27.png,900.0,1200.0,516.3,716.75,710.11,876.23,0,0.6813388888888888,0.6637416666666667,0.2153444444444445,0.13290000000000002
images/27.png,900.0,1200.0,486.22,837.8,644.21,974.02,0,0.6280166666666667,0.754925,0.17554444444444445,0.1135166666666667
images/27.png,900.0,1200.0,565.55,880.6,726.54,1012.78,0,0.7178277777777777,0.7889083333333334,0.17887777777777777,0.11014999999999996
images/27.png,900.0,1200.0,330.06,244.32,598.74,480.09,0,0.516,0.3018375,0.2985333333333333,0.19647499999999998
images/27.png,900.0,1200.0,163.95,136.39,403.7,366.03,0,0.3153611111111111,0.20934166666666665,0.2663888888888889,0.19136666666666666
images/28.png,3000.0,1995.0,2262.73,1167.02,2658.52,1584.43,0,0.8202083333333333,0.6895864661654135,0.13193,0.20922807017543862
images/28.png,3000.0,1995.0,2644.52,1173.38,3000.0,1547.53,0,0.9407533333333334,0.6819323308270676,0.11849333333333334,0.18754385964912273
images/28.png,3000.0,1995.0,214.8,487.85,627.12,913.0,0,0.14032,0.35109022556390973,0.13744,0.21310776942355888
images/28.png,3000.0,1995.0,1922.93,917.22,2344.6,1448.66,0,0.711255,0.592952380952381,0.1405566666666666,0.2663859649122807
images/29.png,1000.0,709.0,597.96,263.15,655.12,352.67,0,0.62654,0.43428772919605074,0.05715999999999997,0.12626234132581104
images/29.png,1000.0,709.0,25.91,227.89,118.25,322.87,0,0.07208,0.3884062059238364,0.09234,0.1339633286318759
images/29.png,1000.0,709.0,60.93,254.6,132.57,342.46,0,0.09675,0.42105782792665725,0.07163999999999998,0.12392101551480957
images/29.png,1000.0,709.0,0.0,393.63,60.81,478.69,0,0.030405,0.6151763046544428,0.06081,0.11997179125528915
images/29.png,1000.0,709.0,22.31,408.28,79.92,472.15,0,0.051115,0.6208956276445697,0.05761,0.09008462623413259
images/29.png,1000.0,709.0,38.01,378.97,103.47,442.83,0,0.07074,0.5795486600846262,0.06546,0.0900705218617771
images/29.png,1000.0,709.0,52.41,412.99,137.5,503.03,0,0.094955,0.6459943582510578,0.08509,0.12699576868829332
images/29.png,1000.0,709.0,55.31,456.18,117.87,533.65,0,0.08659,0.6980465444287729,0.06256,0.10926657263751759
images/29.png,1000.0,709.0,125.46,399.12,178.85,462.46,0,0.152155,0.6076022566995768,0.05339,0.08933709449929475
images/29.png,1000.0,709.0,162.1,403.31,219.16,473.19,0,0.19063,0.6181241184767278,0.05706,0.09856135401974611
images/29.png,1000.0,709.0,179.35,327.67,235.38,413.52,0,0.20736500000000002,0.522700987306065,0.05603,0.12108603667136808
images/29.png,1000.0,709.0,197.67,392.32,255.28,470.84,0,0.22647499999999998,0.6087165021156559,0.057610000000000015,0.11074753173483777
images/29.png,1000.0,709.0,148.52,462.28,233.63,595.13,0,0.191075,0.7457052186177714,0.08510999999999999,0.18737658674189
images/29.png,1000.0,709.0,132.12,565.01,198.7,658.29,0,0.16541,0.8626939351198871,0.06657999999999999,0.1315655853314527
images/29.png,1000.0,709.0,117.99,595.17,213.78,697.87,0,0.165885,0.9118758815232721,0.09579,0.14485190409026805
images/29.png,1000.0,709.0,325.66,311.54,422.8,417.38,0,0.37423,0.5140479548660085,0.09713999999999999,0.14928067700987302
images/29.png,1000.0,709.0,364.89,352.67,448.21,454.97,0,0.40654999999999997,0.5695627644569817,0.08331999999999999,0.1442877291960508
images/29.png,1000.0,709.0,307.41,407.25,405.71,509.96,0,0.35656,0.646833568406206,0.09829999999999996,0.14486600846262337
images/29.png,1000.0,709.0,409.2,413.28,502.8,524.78,0,0.456,0.6615373765867418,0.09360000000000002,0.15726375176304655
images/29.png,1000.0,709.0,394.09,424.84,463.82,533.51,0,0.428955,0.6758462623413257,0.06973000000000001,0.15327221438645983
images/29.png,1000.0,709.0,512.19,416.36,596.36,549.22,0,0.5542750000000001,0.6809449929478139,0.08416999999999995,0.18739069111424544
images/29.png,1000.0,709.0,523.11,245.15,604.5,331.52,0,0.5638050000000001,0.40667842031029616,0.08138999999999999,0.12181946403385047
images/29.png,1000.0,709.0,571.2,203.26,643.44,290.26,0,0.6073200000000001,0.34803949224259517,0.07224000000000001,0.1227080394922426
images/29.png,1000.0,709.0,610.46,252.88,690.24,344.28,0,0.65035,0.4211283497884344,0.07977999999999998,0.12891396332863184
images/29.png,1000.0,709.0,680.81,202.63,754.62,284.92,0,0.7177149999999999,0.3438293370944993,0.07381000000000006,0.11606488011283501
images/29.png,1000.0,709.0,704.06,226.5,765.3,295.6,0,0.73468,0.36819464033850496,0.06124000000000001,0.0974612129760226
images/29.png,1000.0,709.0,735.7,285.23,810.53,378.83,0,0.773115,0.46830747531734834,0.07482999999999992,0.13201692524682646
images/29.png,1000.0,709.0,786.97,280.52,846.65,339.88,0,0.8168099999999999,0.4375176304654443,0.05967999999999995,0.08372355430183359
images/29.png,1000.0,709.0,803.62,321.67,881.51,401.13,0,0.842565,0.5097320169252468,0.07788999999999999,0.11207334273624821
images/29.png,1000.0,709.0,803.62,360.93,855.76,431.91,0,0.82969,0.5591255289139634,0.052139999999999985,0.10011283497884346
images/29.png,1000.0,709.0,698.4,436.84,759.96,493.69,0,0.72918,0.6562270803949224,0.06156000000000006,0.08018335684062063
images/29.png,1000.0,709.0,737.98,438.09,783.52,515.67,0,0.76075,0.6726093088857545,0.04553999999999996,0.10942172073342735
images/29.png,1000.0,709.0,654.43,487.41,755.56,602.99,0,0.7049949999999999,0.7689703808180537,0.10113,0.16301833568406204
images/29.png,1000.0,709.0,604.81,538.91,680.5,605.18,0,0.642655,0.8068335684062059,0.07569000000000005,0.0934696755994358
images/29.png,1000.0,709.0,634.02,542.37,716.93,628.11,0,0.6754749999999999,0.8254442877291961,0.08290999999999997,0.1209308885754584
images/29.png,1000.0,709.0,703.74,540.48,783.2,614.29,0,0.7434700000000001,0.8143653032440056,0.07946000000000003,0.1041043723554301
images/29.png,1000.0,709.0,872.21,449.52,945.28,556.61,0,0.908745,0.7095416078984486,0.07306999999999994,0.15104372355430187
images/29.png,1000.0,709.0,870.27,296.76,925.54,360.83,0,0.897905,0.46374471086036667,0.05526999999999998,0.09036671368124118
images/29.png,1000.0,709.0,911.12,297.96,970.01,378.32,0,0.9405650000000001,0.4769252468265162,0.058889999999999984,0.11334273624823697
images/29.png,1000.0,709.0,946.19,293.25,1000.0,365.49,0,0.973095,0.46455571227080394,0.05380999999999995,0.10188998589562766
images/29.png,1000.0,709.0,926.43,229.7,983.49,312.67,0,0.95496,0.3824894217207334,0.05706000000000006,0.11702397743300427
images/29.png,1000.0,709.0,896.41,143.25,989.59,242.97,0,0.943,0.2723695345557123,0.09318000000000007,0.1406488011283498
images/29.png,1000.0,709.0,884.9,178.06,957.13,258.42,0,0.921015,0.30781382228490833,0.07223000000000002,0.11334273624823697
images/3.png,1080.0,652.0,585.05,289.58,632.46,360.1,0,0.563662037037037,0.49822085889570555,0.04389814814814822,0.10815950920245404
images/3.png,1080.0,652.0,86.8,400.06,135.95,468.06,0,0.103125,0.6657361963190184,0.04550925925925925,0.10429447852760736
images/3.png,1080.0,652.0,625.0,386.57,675.54,441.45,0,0.6021018518518518,0.6349846625766871,0.04679629629629626,0.08417177914110428
images/3.png,1080.0,652.0,648.35,383.93,689.99,444.82,0,0.6196018518518519,0.6355444785276073,0.038555555555555544,0.09338957055214722
images/3.png,1080.0,652.0,694.85,309.95,739.78,368.92,0,0.6641805555555556,0.5206058282208589,0.04160185185185181,0.09044478527607366
images/3.png,1080.0,652.0,274.44,475.02,331.01,548.03,0,0.2803009259259259,0.78454754601227,0.05237962962962962,0.11197852760736195
images/3.png,1080.0,652.0,202.24,464.59,260.0,539.2,0,0.214,0.7697776073619632,0.05348148148148147,0.11443251533742342
images/3.png,1080.0,652.0,710.43,349.34,755.8,419.34,0,0.6788101851851852,0.589478527607362,0.04200925925925926,0.10736196319018405
images/3.png,1080.0,652.0,0.0,325.59,32.35,387.37,0,0.014976851851851852,0.5467484662576687,0.029953703703703705,0.0947546012269939
images/3.png,1080.0,652.0,121.41,390.58,165.33,448.14,0,0.13275,0.6431901840490798,0.040666666666666684,0.08828220858895706
images/3.png,1080.0,652.0,743.33,308.42,799.29,386.65,0,0.7141759259259258,0.5330291411042944,0.051814814814814744,0.11998466257668705
images/3.png,1080.0,652.0,965.24,202.83,1032.39,292.61,0,0.9248287037037037,0.3799386503067485,0.06217592592592601,0.13769938650306748
images/3.png,1080.0,652.0,824.58,590.73,858.14,625.41,0,0.7790370370370371,0.932622699386503,0.031074074074074025,0.05319018404907968
images/3.png,1080.0,652.0,457.45,567.42,495.96,621.98,0,0.4413935185185185,0.912116564417178,0.0356574074074074,0.08368098159509212
images/3.png,1080.0,652.0,435.45,214.5,488.02,286.13,0,0.42753240740740744,0.3839187116564417,0.04867592592592592,0.10986196319018404
images/3.png,1080.0,652.0,264.75,412.84,310.88,472.18,0,0.26649537037037035,0.6786963190184049,0.04271296296296296,0.09101226993865036
images/3.png,1080.0,652.0,525.16,262.04,582.35,348.98,0,0.5127361111111111,0.4685736196319018,0.05295370370370375,0.1333435582822086
images/3.png,1080.0,652.0,499.65,286.88,547.06,377.62,0,0.48458796296296297,0.5095858895705522,0.04389814814814812,0.13917177914110432
images/3.png,1080.0,652.0,386.97,372.12,430.89,437.91,0,0.3786388888888889,0.6211886503067484,0.04066666666666663,0.10090490797546016
images/30.png,1024.0,678.0,199.87,531.27,241.19,581.12,0,0.215361328125,0.8203466076696164,0.04035156249999999,0.07352507374631272
images/30.png,1024.0,678.0,988.76,362.07,1024.0,455.92,0,0.98279296875,0.6032374631268437,0.03441406250000001,0.13842182890855462
images/30.png,1024.0,678.0,967.86,297.52,1019.4,353.03,0,0.970341796875,0.47975663716814154,0.050332031249999964,0.08187315634218288
images/30.png,1024.0,678.0,952.07,235.57,1014.78,318.46,0,0.9603759765625,0.4085766961651917,0.061240234374999925,0.12225663716814157
images/30.png,1024.0,678.0,924.54,548.41,1018.24,654.73,0,0.948623046875,0.8872713864306784,0.09150390625000004,0.15681415929203546
images/30.png,1024.0,678.0,760.33,527.5,841.42,652.21,0,0.7821044921875,0.8699926253687316,0.07918945312499992,0.18393805309734518
images/30.png,1024.0,678.0,484.9,405.36,555.18,510.6,0,0.5078515625,0.6754867256637168,0.06863281249999997,0.15522123893805312
images/30.png,1024.0,678.0,424.71,336.52,489.95,424.1,0,0.446611328125,0.560929203539823,0.06371093750000001,0.12917404129793517
images/30.png,1024.0,678.0,428.68,369.32,501.48,453.29,0,0.45417968750000004,0.6066445427728614,0.07109375000000001,0.12384955752212394
images/30.png,1024.0,678.0,362.41,300.84,419.73,353.15,0,0.38190429687500005,0.4822935103244838,0.05597656249999999,0.07715339233038349
images/30.png,1024.0,678.0,321.49,200.18,386.04,281.99,0,0.3454736328125,0.3555825958702065,0.06303710937500001,0.1206637168141593
images/30.png,1024.0,678.0,294.04,183.15,330.54,217.22,0,0.304970703125,0.2952581120943953,0.03564453125,0.05025073746312683
images/30.png,1024.0,678.0,314.73,282.22,367.22,345.32,0,0.3329833984375,0.462787610619469,0.05125976562500001,0.09306784660766956
images/30.png,1024.0,678.0,266.09,286.53,325.12,363.08,0,0.2886767578125,0.4790634218289085,0.05764648437500003,0.11290560471976403
images/30.png,1024.0,678.0,229.04,318.56,284.37,394.4,0,0.2506884765625,0.5257817109144544,0.05403320312500001,0.11185840707964598
images/30.png,1024.0,678.0,277.07,343.39,340.4,430.24,0,0.3014990234375,0.570523598820059,0.061845703124999984,0.1280973451327434
images/30.png,1024.0,678.0,260.8,411.29,306.1,467.61,0,0.27680664062500004,0.648156342182891,0.04423828125000001,0.08306784660766961
images/30.png,1024.0,678.0,256.04,376.0,296.84,434.57,0,0.2699609375,0.5977654867256637,0.039843749999999956,0.08638643067846606
images/30.png,1024.0,678.0,235.12,496.03,279.36,560.06,0,0.2512109375,0.7788274336283185,0.04320312500000001,0.09443952802359878
images/31.png,960.0,1051.0,310.73,594.26,401.29,669.43,0,0.37084374999999997,0.6011845861084681,0.09433333333333334,0.07152235965746903
images/31.png,960.0,1051.0,335.79,641.68,412.34,720.62,0,0.38965104166666664,0.6480970504281637,0.07973958333333328,0.07510941960038064
images/31.png,960.0,1051.0,181.6,765.32,325.74,912.82,0,0.26423958333333336,0.7983539486203616,0.15014583333333334,0.14034253092293053
images/31.png,960.0,1051.0,345.86,813.93,487.21,954.72,0,0.433890625,0.8414129400570886,0.14723958333333328,0.13395813510941967
images/31.png,960.0,1051.0,300.04,840.75,413.46,958.07,0,0.37161458333333336,0.8557659372026643,0.1181458333333333,0.11162702188392012
images/31.png,960.0,1051.0,384.41,742.98,519.61,877.62,0,0.47084375,0.7709800190294956,0.1408333333333333,0.1281065651760228
images/31.png,960.0,1051.0,496.7,813.37,620.17,986.57,0,0.581703125,0.8562987630827783,0.1286145833333333,0.16479543292102763
images/31.png,960.0,1051.0,627.33,682.08,748.0,807.78,0,0.7163177083333333,0.7087821122740248,0.12569791666666663,0.1196003805899143
images/31.png,960.0,1051.0,220.88,567.64,268.84,626.1,0,0.25506249999999997,0.56790675547098,0.04995833333333331,0.05562321598477644
images/31.png,960.0,1051.0,0.0,555.8,46.8,604.03,0,0.024374999999999997,0.5517745004757374,0.048749999999999995,0.04588962892483351
images/32.png,1910.0,1000.0,882.4,493.71,1051.76,745.76,0,0.5063246073298429,0.619735,0.08867015706806283,0.25205
images/32.png,1910.0,1000.0,519.84,508.95,621.15,645.05,0,0.2986884816753927,0.577,0.0530418848167539,0.13609999999999997
images/32.png,1910.0,1000.0,574.28,550.87,669.05,680.98,0,0.32547905759162304,0.615925,0.04961780104712041,0.13011
images/32.png,1910.0,1000.0,652.12,593.33,789.91,807.27,0,0.37749476439790575,0.7002999999999999,0.07214136125654448,0.21393999999999994
images/32.png,1910.0,1000.0,778.42,637.97,918.93,823.06,0,0.44433246073298427,0.730515,0.07356544502617801,0.18508999999999992
images/32.png,1910.0,1000.0,921.44,744.93,1112.2,955.28,0,0.5323664921465969,0.850105,0.09987434554973822,0.21035
images/32.png,1910.0,1000.0,980.89,768.45,1111.54,963.77,0,0.5477565445026178,0.86611,0.06840314136125654,0.19531999999999994
images/32.png,1910.0,1000.0,1076.92,822.02,1239.58,1000.0,0,0.606413612565445,0.91101,0.08516230366492139,0.17798000000000003
images/32.png,1910.0,1000.0,1442.77,536.31,1735.14,922.38,0,0.8319136125654449,0.729345,0.15307329842931944,0.38607
images/32.png,1910.0,1000.0,1556.67,209.1,1910.0,691.08,0,0.9075052356020943,0.45009000000000005,0.1849895287958115,0.48198
images/33.png,1024.0,768.0,12.21,495.66,121.08,624.6,0,0.0650830078125,0.7293359375,0.106318359375,0.167890625
images/33.png,1024.0,768.0,253.04,348.13,334.85,463.26,0,0.2870556640625,0.5282486979166666,0.07989257812500003,0.14990885416666666
images/33.png,1024.0,768.0,314.28,330.98,414.71,458.36,0,0.3559521484375,0.5138932291666667,0.098076171875,0.165859375
images/33.png,1024.0,768.0,388.74,325.1,471.54,454.93,0,0.42005859375,0.50783203125,0.08085937500000001,0.16904947916666666
images/33.png,1024.0,768.0,608.22,298.16,686.61,421.62,0,0.6322412109375,0.4686067708333333,0.07655273437499999,0.16075520833333332
images/33.png,1024.0,768.0,699.54,263.03,808.79,404.13,0,0.7364892578125,0.4343489583333333,0.106689453125,0.18372395833333335
images/33.png,1024.0,768.0,900.89,279.69,998.38,410.0,0,0.9273779296875,0.44901692708333335,0.09520507812500001,0.16967447916666667
images/33.png,1024.0,768.0,824.76,407.41,950.18,558.3,0,0.866669921875,0.6287174479166667,0.12248046874999996,0.19647135416666658
images/33.png,1024.0,768.0,932.0,444.15,1024.0,591.61,0,0.955078125,0.6743229166666667,0.08984375,0.19200520833333337
images/33.png,1024.0,768.0,64.27,319.43,143.88,424.21,0,0.10163574218749999,0.484140625,0.077744140625,0.13643229166666662
images/33.png,1024.0,768.0,58.21,461.43,162.66,601.94,0,0.1078466796875,0.6922981770833334,0.10200195312499999,0.18295572916666672
images/33.png,1024.0,768.0,189.55,240.5,311.53,382.57,0,0.24466796875,0.40564453124999994,0.11912109374999996,0.18498697916666665
images/34.png,1600.0,1200.0,247.9,820.63,348.85,957.07,0,0.186484375,0.7407083333333333,0.06309375,0.11370000000000005
images/34.png,1600.0,1200.0,1481.13,619.96,1600.0,811.86,0,0.9628531250000001,0.5965916666666667,0.07429374999999994,0.15991666666666665
images/34.png,1600.0,1200.0,116.99,879.77,203.38,1023.3,0,0.100115625,0.7929458333333333,0.05399375,0.11960833333333332
images/34.png,1600.0,1200.0,908.57,881.59,1055.99,1047.44,0,0.6139249999999999,0.8037625,0.09213749999999997,0.13820833333333335
images/35.png,1000.0,750.0,588.23,540.14,646.37,634.0,0,0.6173,0.7827599999999999,0.05813999999999998,0.12514666666666668
images/35.png,1000.0,750.0,647.48,521.31,701.75,588.59,0,0.674615,0.7399333333333334,0.054269999999999985,0.08970666666666678
images/35.png,1000.0,750.0,684.83,515.78,725.84,563.95,0,0.705335,0.71982,0.04100999999999999,0.06422666666666677
images/35.png,1000.0,750.0,633.09,490.31,678.77,533.5,0,0.65593,0.6825399999999999,0.04567999999999995,0.05758666666666666
images/35.png,1000.0,750.0,659.9,565.1,705.9,621.26,0,0.6829,0.7909066666666668,0.046,0.07487999999999996
images/35.png,1000.0,750.0,851.75,531.64,898.82,575.25,0,0.8752850000000001,0.7379266666666666,0.04707000000000005,0.05814666666666669
images/35.png,1000.0,750.0,853.59,549.18,899.51,593.25,0,0.8765499999999999,0.7616199999999999,0.04591999999999996,0.05876000000000007
images/35.png,1000.0,750.0,876.64,542.03,912.89,582.63,0,0.894765,0.7497733333333333,0.03625,0.05413333333333337
images/35.png,1000.0,750.0,940.23,510.79,969.74,537.36,0,0.954985,0.6987666666666668,0.02950999999999999,0.035426666666666655
images/35.png,1000.0,750.0,370.6,401.0,449.63,461.36,0,0.410115,0.5749066666666667,0.07902999999999998,0.08048000000000002
images/35.png,1000.0,750.0,401.26,399.07,469.71,463.86,0,0.435485,0.5752866666666667,0.06844999999999998,0.0863866666666667
images/35.png,1000.0,750.0,945.3,496.24,976.95,523.2,0,0.961125,0.6796266666666667,0.03165000000000009,0.03594666666666672
images/35.png,1000.0,750.0,123.26,381.74,210.31,456.83,0,0.166785,0.5590466666666666,0.08705,0.10011999999999997
images/35.png,1000.0,750.0,52.1,490.25,117.88,552.05,0,0.08499,0.6948666666666666,0.06578,0.08239999999999995
images/35.png,1000.0,750.0,69.37,563.68,147.12,662.35,0,0.10824500000000001,0.8173533333333333,0.07775,0.1315600000000001
images/35.png,1000.0,750.0,136.15,575.64,209.91,666.34,0,0.17303,0.8279866666666666,0.07375999999999999,0.12093333333333339
images/35.png,1000.0,750.0,198.28,529.79,247.12,598.56,0,0.22269999999999998,0.7522333333333333,0.04884,0.09169333333333331
images/35.png,1000.0,750.0,209.91,495.24,259.08,548.06,0,0.234495,0.6955333333333333,0.049169999999999985,0.07042666666666658
images/35.png,1000.0,750.0,242.14,514.84,294.3,574.98,0,0.26822,0.7265466666666668,0.052160000000000026,0.08018666666666664
images/35.png,1000.0,750.0,264.4,535.11,319.22,602.22,0,0.29181,0.75822,0.05482000000000005,0.08948000000000002
images/35.png,1000.0,750.0,363.07,567.0,423.87,632.45,0,0.39347000000000004,0.7996333333333334,0.060800000000000014,0.08726666666666673
images/35.png,1000.0,750.0,292.7,450.52,342.54,501.68,0,0.31762,0.6348,0.04984000000000003,0.06821333333333336
images/35.png,1000.0,750.0,365.73,496.57,432.18,569.33,0,0.39895500000000006,0.7106,0.06645,0.0970133333333334
images/35.png,1000.0,750.0,413.91,541.42,463.08,606.54,0,0.438495,0.7653066666666667,0.04916999999999996,0.08682666666666668
images/35.png,1000.0,750.0,454.11,525.8,514.24,601.22,0,0.484175,0.7513466666666666,0.060129999999999996,0.1005600000000001
images/35.png,1000.0,750.0,518.89,524.81,569.39,594.91,0,0.54414,0.7464799999999999,0.0505,0.0934666666666667
images/35.png,1000.0,750.0,564.48,550.08,622.07,620.96,0,0.5932750000000001,0.7806933333333334,0.05759000000000003,0.09450666666666666
images/36.png,550.0,413.0,256.1,110.39,330.9,189.96,0,0.5336363636363637,0.3636198547215497,0.13599999999999993,0.1926634382566586
images/36.png,550.0,413.0,160.93,126.68,210.55,182.23,0,0.3377090909090909,0.3739830508474576,0.09021818181818182,0.13450363196125903
images/36.png,550.0,413.0,171.3,63.06,224.21,127.61,0,0.35955454545454546,0.2308353510895884,0.0962,0.15629539951573848
images/36.png,550.0,413.0,160.3,196.98,212.35,256.26,0,0.3387727272727272,0.5487167070217918,0.0946363636363636,0.14353510895883778
images/36.png,550.0,413.0,149.56,218.72,180.08,258.67,0,0.29967272727272726,0.577953995157385,0.05549090909090911,0.09673123486682812
images/36.png,550.0,413.0,170.01,246.06,199.1,278.81,0,0.3355545454545455,0.6354358353510896,0.0528909090909091,0.07929782082324455
images/36.png,550.0,413.0,209.16,203.25,256.36,260.88,0,0.42319999999999997,0.5619007263922519,0.08581818181818185,0.13953995157384988
images/36.png,550.0,413.0,254.17,190.81,304.84,265.45,0,0.5081909090909091,0.5523728813559322,0.09212727272727271,0.18072639225181594
images/36.png,550.0,413.0,258.92,174.53,297.34,218.8,0,0.5056909090909091,0.47618644067796617,0.06985454545454538,0.10719128329297824
images/36.png,550.0,413.0,294.52,123.57,352.48,199.97,0,0.5881818181818181,0.3916949152542372,0.10538181818181824,0.18498789346246974
images/36.png,550.0,413.0,325.35,112.5,397.8,182.05,0,0.6574090909090909,0.35659806295399515,0.1317272727272727,0.16840193704600487
images/36.png,550.0,413.0,342.5,236.27,410.78,319.42,0,0.6848,0.6727481840193705,0.12414545454545449,0.2013317191283293
images/36.png,550.0,413.0,524.41,187.18,547.59,217.98,0,0.9745454545454545,0.49050847457627117,0.04214545454545466,0.07457627118644064
images/36.png,550.0,413.0,68.65,201.96,95.09,232.53,0,0.14885454545454546,0.5260169491525424,0.04807272727272727,0.0740193704600484
images/37.png,600.0,600.0,64.44,232.08,138.3,312.45,0,0.16895000000000002,0.453775,0.12310000000000003,0.13394999999999996
images/37.png,600.0,600.0,115.34,282.33,181.59,361.17,0,0.24744166666666667,0.53625,0.11041666666666666,0.13140000000000004
images/37.png,600.0,600.0,517.21,392.67,564.8,446.38,0,0.901675,0.6992083333333333,0.07931666666666654,0.08951666666666663
images/37.png,600.0,600.0,523.48,376.24,576.29,434.94,0,0.916475,0.6759833333333334,0.08801666666666658,0.09783333333333331
images/37.png,600.0,600.0,410.91,255.68,485.29,318.8,0,0.7468333333333333,0.47873333333333334,0.12396666666666666,0.1052
images/37.png,600.0,600.0,464.14,235.61,550.71,330.86,0,0.8457083333333334,0.47205833333333336,0.14428333333333343,0.15875
images/37.png,600.0,600.0,519.26,273.77,566.14,337.45,0,0.9045000000000001,0.50935,0.07813333333333333,0.10613333333333334
images/37.png,600.0,600.0,421.06,409.06,478.28,475.1,0,0.74945,0.7368000000000001,0.09536666666666661,0.1100666666666667
images/37.png,600.0,600.0,282.67,266.88,375.17,364.96,0,0.5482,0.5265333333333333,0.15416666666666667,0.16346666666666665
images/37.png,600.0,600.0,244.66,238.18,301.01,304.89,0,0.454725,0.4525583333333333,0.09391666666666666,0.1111833333333333
images/37.png,600.0,600.0,209.84,281.61,267.52,364.27,0,0.3978,0.5382333333333333,0.09613333333333329,0.13776666666666662
images/37.png,600.0,600.0,478.83,392.3,532.55,458.38,0,0.8428166666666665,0.7089000000000001,0.08953333333333328,0.1101333333333333
images/37.png,600.0,600.0,66.77,393.71,180.06,555.22,0,0.20569166666666666,0.790775,0.1888166666666667,0.2691833333333334
images/37.png,600.0,600.0,343.45,353.75,408.3,447.33,0,0.6264583333333333,0.6675666666666666,0.10808333333333336,0.15596666666666664
images/38.png,1260.0,840.0,551.47,374.65,745.71,512.18,0,0.5147539682539682,0.527875,0.15415873015873016,0.16372619047619044
images/38.png,1260.0,840.0,361.03,330.14,513.22,432.47,0,0.34692460317460316,0.4539345238095238,0.12078571428571433,0.12182142857142862
images/39.png,1542.0,854.0,383.65,486.35,560.15,741.95,0,0.30603112840466923,0.7191451990632319,0.11446173800259403,0.29929742388758784
images/39.png,1542.0,854.0,299.38,363.71,464.9,679.06,0,0.24782101167315174,0.6105210772833723,0.10734111543450063,0.3692622950819672
images/39.png,1542.0,854.0,386.38,175.2,552.76,450.55,0,0.3045201037613489,0.366364168618267,0.1078988326848249,0.32242388758782203
images/39.png,1542.0,854.0,832.49,213.64,1001.37,496.92,0,0.5946368352788587,0.4160187353629976,0.1095201037613489,0.3317096018735363
images/39.png,1542.0,854.0,1051.68,360.73,1179.55,608.62,0,0.7234857328145265,0.5675351288056206,0.08292477302204922,0.2902693208430913
images/39.png,1542.0,854.0,901.85,289.18,1070.51,544.92,0,0.6395460440985733,0.48834894613583135,0.10937743190661477,0.29946135831381726
images/39.png,1542.0,854.0,508.57,398.75,692.92,658.93,0,0.3895881971465629,0.6192505854800936,0.11955252918287936,0.3046604215456674
images/4.png,733.0,733.0,553.61,203.3,634.97,290.27,0,0.8107639836289222,0.3366780354706685,0.11099590723055937,0.11864938608458386
images/4.png,733.0,733.0,28.18,205.15,132.41,280.8,0,0.10954297407912687,0.33148021828103685,0.14219645293315142,0.10320600272851296
images/4.png,733.0,733.0,42.4,225.69,179.4,364.57,0,0.15129604365620739,0.40263301500682125,0.1869031377899045,0.18946793997271485
images/4.png,733.0,733.0,36.32,289.52,177.58,407.35,0,0.14590723055934515,0.47535470668485674,0.1927148703956344,0.16075034106412012
images/4.png,733.0,733.0,50.82,397.53,163.1,504.61,0,0.14592087312414734,0.61537517053206,0.1531787175989086,0.1460845839017736
images/4.png,733.0,733.0,64.85,438.68,206.57,635.06,0,0.1851432469304229,0.7324283765347885,0.1933424283765348,0.26791268758526593
images/4.png,733.0,733.0,244.4,484.97,331.88,615.42,0,0.3930968622100955,0.7506070941336971,0.11934515688949521,0.17796725784447467
images/4.png,733.0,733.0,383.57,497.22,454.47,612.76,0,0.571650750341064,0.7571487039563438,0.09672578444747618,0.15762619372442013
images/4.png,733.0,733.0,497.5,436.15,612.06,605.42,0,0.7568622100954979,0.7104843110504775,0.1562892223738062,0.2309276944065484
images/4.png,733.0,733.0,403.98,344.97,511.53,524.06,0,0.6244952251023193,0.5927899045020464,0.14672578444747605,0.24432469304229185
images/4.png,733.0,733.0,406.3,294.47,518.54,389.39,0,0.6308594815825375,0.46648021828103686,0.1531241473396998,0.12949522510231917
images/4.png,733.0,733.0,351.61,234.62,402.58,299.62,0,0.5144542974079127,0.3644201909959072,0.06953615279672574,0.08867667121418826
images/4.png,733.0,733.0,445.13,208.91,533.04,294.48,0,0.667237380627558,0.34337653478854024,0.11993178717598904,0.11673942701227834
images/4.png,733.0,733.0,599.9,308.04,702.3,409.03,0,0.8882673942701227,0.48913369713506133,0.13969986357435193,0.13777626193724413
images/4.png,733.0,733.0,603.17,452.52,733.0,675.55,0,0.9114392905866303,0.7694884038199181,0.17712141882673949,0.3042701227830832
images/5.png,640.0,640.0,321.4,416.76,437.72,549.78,0,0.5930625,0.755109375,0.18175000000000008,0.20784374999999997
images/5.png,640.0,640.0,290.41,414.72,370.36,513.04,0,0.5162265625,0.7248125,0.12492187499999999,0.1536249999999999
images/5.png,640.0,640.0,456.01,438.8,593.19,607.84,0,0.8196875,0.8176875000000001,0.2143437500000001,0.26412500000000005
images/5.png,640.0,640.0,217.36,265.57,295.61,368.99,0,0.40075781250000003,0.49574999999999997,0.122265625,0.16159375000000004
images/5.png,640.0,640.0,72.69,402.53,106.95,451.91,0,0.14034375,0.66753125,0.05353125000000001,0.07715625000000008
images/5.png,640.0,640.0,7.46,394.69,37.7,430.36,0,0.03528125,0.6445703125,0.04725,0.055734375000000023
images/5.png,640.0,640.0,354.47,339.5,454.8,443.8,0,0.6322421874999999,0.611953125,0.15676562499999996,0.16296875000000002
images/6.png,1600.0,900.0,1117.06,455.36,1356.15,707.34,0,0.772878125,0.6459444444444444,0.1494312500000001,0.2799777777777778
images/6.png,1600.0,900.0,1318.45,425.69,1572.42,738.19,0,0.903396875,0.6466000000000001,0.15873125000000002,0.34722222222222227
images/6.png,1600.0,900.0,1329.37,283.83,1588.29,569.54,0,0.9117687499999999,0.4740944444444444,0.16182500000000005,0.31745555555555555
images/6.png,1600.0,900.0,1180.6,125.1,1437.5,436.61,0,0.8181562499999999,0.3120611111111111,0.16056250000000005,0.3461222222222222
images/6.png,1600.0,900.0,968.25,452.38,1150.13,694.61,0,0.66199375,0.6372166666666667,0.11367500000000007,0.26914444444444446
images/6.png,1600.0,900.0,750.79,474.6,874.3,629.74,0,0.5078406249999999,0.6135222222222223,0.07719374999999999,0.17237777777777777
images/6.png,1600.0,900.0,834.49,419.5,948.7,533.56,0,0.557246875,0.5294777777777777,0.07138125000000002,0.12673333333333328
images/6.png,1600.0,900.0,938.66,610.45,1152.03,862.6,0,0.653340625,0.8183611111111112,0.13335625,0.2801666666666666
images/7.png,1000.0,1000.0,188.95,639.95,394.36,875.33,0,0.291655,0.7576400000000001,0.20541000000000004,0.23538
images/7.png,1000.0,1000.0,554.15,609.52,740.42,839.17,0,0.647285,0.724345,0.18627,0.22964999999999997
images/7.png,1000.0,1000.0,486.21,324.19,637.4,493.87,0,0.561805,0.40902999999999995,0.15119,0.16968
images/7.png,1000.0,1000.0,401.95,397.87,550.58,563.08,0,0.476265,0.48047500000000004,0.14863000000000004,0.16521000000000002
images/7.png,1000.0,1000.0,649.45,378.73,828.7,582.86,0,0.739075,0.48079500000000003,0.17925,0.20413
images/7.png,1000.0,1000.0,810.2,512.69,965.85,644.73,0,0.8880250000000001,0.5787100000000001,0.15564999999999998,0.13203999999999996
images/8.png,2048.0,1152.0,116.49,873.8,261.93,1040.68,0,0.0923876953125,0.8309375,0.071015625,0.14486111111111122
images/8.png,2048.0,1152.0,743.93,755.83,821.33,841.31,0,0.3821435546875,0.6932031249999999,0.037792968750000044,0.0742013888888888
images/8.png,2048.0,1152.0,722.83,813.67,800.66,919.99,0,0.37194580078125,0.7524565972222221,0.038002929687499964,0.09229166666666672
images/8.png,2048.0,1152.0,789.18,788.16,871.25,883.41,0,0.40537841796874996,0.7255078125,0.040073242187500024,0.08268229166666667
images/8.png,2048.0,1152.0,826.6,818.77,909.53,922.11,0,0.42385986328125,0.7555902777777779,0.040493164062499976,0.08970486111111114
images/8.png,2048.0,1152.0,597.72,593.13,744.69,699.78,0,0.32773681640625,0.5611588541666666,0.07176269531250001,0.09257812499999998
images/8.png,2048.0,1152.0,872.2,693.8,947.48,769.1,0,0.4442578125,0.6349392361111111,0.03675781249999999,0.06536458333333339
images/8.png,2048.0,1152.0,983.95,760.41,1084.6,874.52,0,0.50501708984375,0.7096050347222221,0.04914550781249993,0.09905381944444445
images/8.png,2048.0,1152.0,981.83,869.91,1072.91,969.49,0,0.5016455078125001,0.7983506944444445,0.04447265625000002,0.08644097222222226
images/8.png,2048.0,1152.0,1053.06,827.38,1135.28,930.51,0,0.5342626953125,0.7629730902777777,0.04014648437500001,0.08952256944444444
images/8.png,2048.0,1152.0,1118.62,799.74,1210.76,924.49,0,0.5686962890625,0.7483637152777778,0.04499023437500005,0.10828993055555555
images/8.png,2048.0,1152.0,1219.62,808.96,1302.55,914.21,0,0.61576416015625,0.7479036458333334,0.04049316406250003,0.09136284722222222
images/8.png,2048.0,1152.0,1290.5,836.95,1377.33,954.26,0,0.65132568359375,0.7774348958333334,0.042397460937499964,0.10183159722222218
images/8.png,2048.0,1152.0,1328.42,828.45,1415.25,965.6,0,0.66984130859375,0.7786675347222223,0.042397460937499964,0.11905381944444443
images/8.png,2048.0,1152.0,1389.73,754.03,1463.8,819.59,0,0.6966625976562499,0.6829947916666667,0.03616699218749997,0.05690972222222227
images/8.png,2048.0,1152.0,1411.35,797.97,1504.91,907.12,0,0.7119775390625,0.7400564236111111,0.045683593750000084,0.09474826388888886
images/8.png,2048.0,1152.0,1461.32,790.88,1533.97,864.95,0,0.73127197265625,0.7186762152777777,0.035473632812500044,0.06429687500000004
images/8.png,2048.0,1152.0,1432.78,878.08,1504.3,953.09,0,0.717060546875,0.7947786458333334,0.03492187499999999,0.06511284722222221
images/8.png,2048.0,1152.0,1728.31,818.12,1796.83,881.62,0,0.8606298828125,0.737734375,0.03345703124999999,0.055121527777777776
images/8.png,2048.0,1152.0,1733.01,840.39,1802.41,910.09,0,0.8631396484375,0.7597569444444444,0.033886718750000044,0.060503472222222264
images/8.png,2048.0,1152.0,1767.9,825.33,1821.61,890.6,0,0.87634521484375,0.7447612847222222,0.026225585937499907,0.05665798611111109
images/8.png,2048.0,1152.0,1850.68,754.29,1885.87,787.51,0,0.91224365234375,0.6691840277777777,0.017182617187499916,0.02883680555555558
images/8.png,2048.0,1152.0,1873.2,762.04,1924.39,803.38,0,0.92714599609375,0.6794357638888889,0.024995117187500027,0.0358854166666667
images/8.png,2048.0,1152.0,1862.86,785.66,1911.34,825.78,0,0.921435546875,0.6994097222222222,0.02367187500000001,0.03482638888888889
images/8.png,2048.0,1152.0,1982.84,847.98,2029.1,895.47,0,0.9794775390624999,0.7567057291666667,0.022587890624999996,0.04122395833333334
images/8.png,2048.0,1152.0,1937.55,888.17,1995.39,949.2,0,0.9601904296875,0.7974696180555555,0.02824218750000007,0.05297743055555563
images/8.png,2048.0,1152.0,523.01,865.74,651.15,1015.77,0,0.28666015624999996,0.8166276041666667,0.062568359375,0.13023437499999999
images/8.png,2048.0,1152.0,500.56,743.77,605.22,849.92,0,0.2699658203125,0.6917057291666667,0.05110351562500001,0.09214409722222221
images/8.png,2048.0,1152.0,307.7,743.77,434.26,860.64,0,0.181142578125,0.6963585069444443,0.061796875,0.10144965277777779
images/8.png,2048.0,1152.0,626.66,889.73,741.48,1021.9,0,0.33401855468749997,0.8297005208333333,0.056064453125000024,0.11473090277777774
images/9.png,1600.0,1200.0,731.59,633.82,1023.7,964.51,0,0.548528125,0.6659708333333333,0.18256875,0.27557499999999996
images/9.png,1600.0,1200.0,841.4,546.69,1019.8,744.95,0,0.581625,0.5381833333333333,0.11149999999999999,0.16521666666666665
images/9.png,1600.0,1200.0,988.37,553.58,1153.72,790.11,0,0.6694031250000001,0.5598708333333333,0.10334375000000001,0.1971083333333333
images/9.png,1600.0,1200.0,1166.27,497.9,1425.84,762.02,0,0.8100343749999999,0.5249666666666667,0.16223124999999997,0.2201
images/9.png,1600.0,1200.0,1357.64,602.03,1568.99,917.41,0,0.914571875,0.6331,0.13209374999999995,0.26281666666666664
images/9.png,1600.0,1200.0,1208.45,713.03,1386.04,922.0,0,0.8107781249999999,0.6812625,0.11099374999999995,0.1741416666666667
images/9.png,1600.0,1200.0,126.12,207.98,277.09,431.25,0,0.126003125,0.26634583333333334,0.09435624999999997,0.18605833333333335
images/9.png,1600.0,1200.0,136.68,555.56,416.67,900.57,0,0.172921875,0.6067208333333334,0.17499375,0.2875083333333334
images/9.png,1600.0,1200.0,261.24,523.59,490.52,805.78,0,0.234925,0.5539041666666666,0.14329999999999998,0.23515833333333327
images/9.png,1600.0,1200.0,193.65,719.61,443.2,959.97,0,0.199015625,0.6998249999999999,0.15596875,0.2003
